f,theta,sde,sde_chi
4,0.04975145832992792,4,24
4,0.05282635498383784,4,24
4,0.017823464874233728,4,24
4,0.019497265379894796,4,24
4,0.04352062114183096,4,22
4,0.04454724771390042,4,24
4,0.06683004119063443,4,22
4,0.07035648049407299,4,24
4,0.04678805105538829,4,24
4,0.047899323947967365,4,22
4,0.058887479234854656,4,24
4,0.06586576056233966,4,22
4,0.010043169045993984,4,24
4,0.011962616550625907,4,22
4,0.02103006303414081,4,24
4,0.021629613184347952,4,24
4,0.07171485899904374,4,24
4,0.0762973449584007,4,24
4,0.03795153997060775,4,24
4,0.038837853408469195,4,24
4,0.0008076608184402828,4,22
4,0.005657641893288188,4,24
4,0.029338056902701276,4,24
4,0.03302178076700369,4,24
4,0.1024684301807347,4,24
4,0.1073573696046716,4,22
4,0.04124691075104097,4,24
4,0.041738233162065125,4,24
4,0.07743214378923967,4,24
4,0.07977430949144466,4,24
4,0.09927121577485683,4,22
4,0.1009434173530221,4,24
4,0.08325272171187131,4,24
4,0.08771218685503299,4,24
4,0.12426362695229222,4,22
4,0.12759197483378457,4,24
4,0.10857388451733044,4,24
4,0.10898566659558727,4,22
4,0.11860070036874583,4,24
4,0.1210412764589764,4,24
4,0.16562887537736667,4,22
4,0.1741351462762006,4,24
4,0.11371213768367808,4,24
4,0.11493413656018865,4,24
4,0.19228274988167054,4,24
4,0.1933649514088986,4,24
4,0.17885525114640224,4,24
4,0.18623730451329634,4,24
4,0.15994115425421096,4,24
4,0.16156860487301355,4,24
4,0.19804112227955226,4,22
4,0.20336370463017803,4,24
4,0.1341823126425472,4,22
4,0.13741035332942036,4,24
4,0.15093112046767737,4,24
4,0.153561543676252,4,24
4,0.2166615726382955,4,24
4,0.21985930340318194,4,24
4,0.1957010518595894,4,24
4,0.19635622503466488,4,22
4,0.20423462288925143,4,22
4,0.2072833217510784,4,24
4,0.22808332535456824,4,24
4,0.2327578099408957,4,24
4,0.2501755736173495,4,24
4,0.25523521792457315,4,24
4,0.21350416552138685,4,24
4,0.2165831975239885,4,22
4,0.17748250130683932,4,24
4,0.17849008180947984,4,24
4,0.2362283802736266,4,24
4,0.2389877228700511,4,24
4,0.22378068056988057,4,24
4,0.22660714417866448,4,24
4,0.24801244432215794,4,22
4,0.24867331986966132,4,24
4,0.26757022502389716,4,22
4,0.27408579647433984,4,24
4,0.3086221887157405,4,24
4,0.3103066228959589,4,22
4,0.2617890668562839,4,24
4,0.263074080155063,4,24
4,0.2906506336765751,4,24
4,0.2919506606296079,4,24
4,0.25632623937958054,4,24
4,0.2574495952381578,4,24
4,0.2823737134690534,4,24
4,0.28422649789905613,4,24
4,0.3044433017487648,4,24
4,0.3078336268969034,4,24
4,0.28555479773355896,4,24
4,0.28814158378361704,4,22
4,0.31163795302624697,4,24
4,0.31730450818087863,4,22
4,0.2756500618071667,4,24
4,0.2790776714837997,4,24
4,0.29399069574029646,4,24
4,0.2983937450440613,4,24
4,0.321364778685232,4,24
4,0.3233801122149275,4,24
4,0.32662198039428103,4,24
4,0.32704016643147266,4,24
4,0.300088145961561,4,24
4,0.30284414262195847,4,24
4,0.35956602414004935,4,24
4,0.3618921070992692,4,24
4,0.33390232993262325,4,24
4,0.33546137624724953,4,22
4,0.3667987735368939,4,24
4,0.37106229301219434,4,24
4,0.3641262249739364,4,24
4,0.3643823979520126,4,24
4,0.37113633499348375,4,24
4,0.37394771696265827,4,22
4,0.38933346351568543,4,24
4,0.3900461021393812,4,24
4,0.33091258071752055,4,24
4,0.33337497638220565,4,24
4,0.3385019890598059,4,24
4,0.34340635840696243,4,24
4,0.3854557302366403,4,24
4,0.3871321672741894,4,24
4,0.4067278046274678,4,22
4,0.4088073406930837,4,24
4,0.3759887046612863,4,22
4,0.3797581289554006,4,24
4,0.402819544951858,4,24
4,0.40517153804657924,4,24
4,0.4112185245592018,4,24
4,0.4135595758329555,4,22
4,0.3483650903479099,4,24
4,0.3532437729442279,4,24
4,0.42168124521823674,4,24
4,0.4239425919989991,4,24
4,0.4146682475229374,4,24
4,0.4185148468131845,4,24
4,0.39077060831929544,4,22
4,0.39522119670321204,4,24
4,0.44139091953065074,4,24
4,0.4425412674974066,4,24
4,0.3968177642738003,4,24
4,0.3996463774088111,4,24
4,0.44498184358763704,4,24
4,0.44904383904057005,4,24
4,0.44952368369629936,4,24
4,0.45266878648896225,4,24
4,0.42625112494553363,4,24
4,0.43374677328079786,4,24
4,0.43614533250285664,4,24
4,0.43746880450878556,4,24
6,0.0013756044551740995,6,36
6,0.002645430832800511,6,36
6,0.03906448418483764,6,36
6,0.04644668199245658,6,36
6,0.0037593237777897794,6,36
6,0.010928786732851949,6,36
6,0.02537114545859649,6,36
6,0.026228161810482695,6,36
6,0.05644529536137446,6,36
6,0.059142410618178355,6,36
6,0.021461291800265472,6,36
6,0.02340335655180051,6,36
6,0.06471721963791953,6,36
6,0.07037831651869288,6,36
6,0.049131677083966215,6,36
6,0.053084530460924845,6,36
6,0.09701403902794115,6,36
6,0.09834768982029807,6,36
6,0.01539342838556819,6,36
6,0.017516009161780196,6,36
6,0.10486946474198945,6,36
6,0.10597257165570408,6,36
6,0.09894811901350845,6,36
6,0.10054621045701485,6,36
6,0.08452860123644451,6,36
6,0.08984081451844865,6,36
6,0.0317046204817483,6,36
6,0.03486380485531994,6,36
6,0.1095613346535709,6,36
6,0.11054369101759094,6,36
6,0.07555367351051089,6,36
6,0.07953430576455099,6,36
6,0.1116285120131773,6,36
6,0.11643982392238912,6,36
6,0.14425932845066256,6,36
6,0.14936936608354293,6,36
6,0.11823393320517506,6,36
6,0.12030834035800514,6,36
6,0.12278857126819134,6,36
6,0.1264078504919148,6,36
6,0.15247068342770714,6,36
6,0.1557479557012261,6,36
6,0.17186703394837505,6,36
6,0.17373307262486692,6,36
6,0.16211378677855975,6,36
6,0.16824135006380844,6,36
6,0.19459789908599176,6,36
6,0.20088447974314133,6,36
6,0.21203104659599206,6,36
6,0.2152959043013613,6,36
6,0.13533806878672924,6,36
6,0.13807133977909816,6,36
6,0.22633624711876787,6,36
6,0.22944322340808368,6,36
6,0.18583701289524449,6,36
6,0.19045039677187295,6,36
6,0.24834264866393393,6,36
6,0.2563334428286817,6,36
6,0.24024785462337328,6,36
6,0.2425143542448291,6,36
6,0.21997032617215947,6,36
6,0.22299873902182274,6,36
6,0.2581238593992199,6,36
6,0.26150902536418574,6,36
6,0.18005093064266461,6,36
6,0.18292449136156141,6,36
6,0.20248151782865298,6,36
6,0.2033288454094229,6,36
6,0.2820458166232178,6,36
6,0.2877775136042023,6,36
6,0.2733572585442796,6,36
6,0.2800612029567421,6,36
6,0.30026753388061356,6,36
6,0.3039662871750779,6,36
6,0.23265972630057521,6,36
6,0.23754542213155816,6,36
6,0.2890148112105436,6,36
6,0.29407678628968953,6,36
6,0.321708123945864,6,36
6,0.32369330193091755,6,36
6,0.33523364352592344,6,36
6,0.34325381070459304,6,36
6,0.32824686452845747,6,36
6,0.33244652238873046,6,36
6,0.31221235626742627,6,36
6,0.32003017458372957,6,36
6,0.37211363400876335,6,36
6,0.3757202081489463,6,36
6,0.38706535118786056,6,36
6,0.38787772154466404,6,36
6,0.39980733202227503,6,36
6,0.4065549093523325,6,36
6,0.3096046261161361,6,36
6,0.3108229747401459,6,36
6,0.40913740047860364,6,36
6,0.41514736102459965,6,36
6,0.4161931657192792,6,36
6,0.4185271626489081,6,36
6,0.35241397491077064,6,36
6,0.35625547245069633,6,36
6,0.3639678061658417,6,36
6,0.3661557918082843,6,36
6,0.3901254863966206,6,36
6,0.396487093068072,6,36
6,0.42980980868114504,6,36
6,0.4382374463073714,6,36
6,0.4507887493067066,6,36
6,0.4562280804449626,6,36
6,0.45880212925242764,6,36
6,0.4654173743964654,6,36
6,0.37646272874776915,6,36
6,0.3833331019889383,6,36
6,0.4667189314911792,6,36
6,0.4688134048595202,6,36
6,0.492395892298944,6,36
6,0.49526392518925333,6,36
6,0.44035111053889725,6,36
6,0.442207166472921,6,36
6,0.4782133280655029,6,36
6,0.4849075790705028,6,36
6,0.527724644662832,6,36
6,0.5316075232778483,6,36
6,0.47194780194490016,6,36
6,0.4752832811179696,6,36
6,0.5360221659488027,6,36
6,0.5432642386832488,6,36
6,0.5128677238251568,6,36
6,0.5153353427826535,6,36
6,0.49671636224300186,6,36
6,0.5028952582351208,6,36
6,0.5225828432709513,6,36
6,0.52541190295748,6,36
6,0.5576346377773889,6,36
6,0.5605985021420267,6,36
6,0.5466834277024527,6,36
6,0.552591810829345,6,36
6,0.5766185775914178,6,36
6,0.578407466196686,6,36
6,0.5652288650284888,6,36
6,0.5725711035557259,6,36
6,0.504394675358512,6,36
6,0.5093531377176806,6,36
6,0.5872804267087045,6,36
6,0.5881522858026488,6,36
6,0.5808834956484855,6,36
6,0.5822827381004523,6,36
6,0.5963984123300166,6,36
6,0.5977305311614391,6,36
8,1.570939632860646e-05,8,48
8,0.0032278824570467165,8,48
8,0.0302001647145098,8,48
8,0.03269616625786576,8,48
8,0.01828662966889347,8,48
8,0.021243026759183496,8,48
6,0.5889059552139508,6,36
6,0.5927859850517075,6,36
8,0.03549960734413246,8,48
8,0.03936754237837851,8,48
8,0.0072239954143900305,8,48
8,0.009550922235122513,8,48
8,0.047522548918523276,8,48
8,0.050708855989284145,8,48
8,0.05994548483487609,8,48
8,0.06233806702151142,8,48
8,0.04173882876205587,8,48
8,0.04473883289764682,8,48
8,0.024421533054625095,8,48
8,0.026769683980585653,8,48
8,0.06533276874625457,8,48
8,0.06858884071635696,8,48
8,0.07203436395279333,8,48
8,0.07530257650160195,8,48
8,0.0122880506621796,8,48
8,0.015616761973196823,8,48
8,0.07871522321800474,8,48
8,0.08176044085364931,8,48
8,0.09194237127050012,8,48
8,0.09451441989184094,8,48
8,0.11001596645365627,8,48
8,0.11210051417978892,8,48
8,0.10440422563854784,8,48
8,0.10698470310929604,8,48
8,0.05352251407562942,8,48
8,0.055845373220623745,8,48
8,0.09676468423951001,8,48
8,0.10080861656799865,8,48
8,0.11557131270389547,8,48
8,0.11829223590087663,8,48
8,0.08557864121680003,8,48
8,0.089268935639885,8,48
8,0.13429462412843404,8,48
8,0.13838291520076432,8,48
8,0.12827451421760946,8,48
8,0.13169653316322708,8,48
8,0.12171260547095936,8,48
8,0.12536108261879345,8,48
8,0.14768628279994656,8,48
8,0.15061297628917228,8,48
8,0.16506660738876622,8,48
8,0.16801985680531253,8,48
8,0.17987789270469007,8,48
8,0.1836618353610512,8,48
8,0.15916390477533884,8,48
8,0.16212774050024675,8,48
8,0.15281896144346632,8,48
8,0.1555554569721054,8,48
8,0.1412298968859329,8,48
8,0.14389007545595683,8,48
8,0.18738990228234512,8,48
8,0.19024906777595516,8,48
8,0.19864986281081165,8,48
8,0.20335777813948613,8,48
8,0.21816466007540203,8,48
8,0.22137666037839718,8,48
8,0.20635379323633343,8,48
8,0.20919878991474294,8,48
8,0.23743954749872234,8,48
8,0.23989650954063615,8,48
8,0.171401803411298,8,48
8,0.17512667647879718,8,48
8,0.24363019007793468,8,48
8,0.24665211207280605,8,48
8,0.2241332382252839,8,48
8,0.22685966762214316,8,48
8,0.24974562270801592,8,48
8,0.2527878037060168,8,48
8,0.19324520619364555,8,48
8,0.19610794430434325,8,48
8,0.262651748949778,8,48
8,0.2658112943612043,8,48
8,0.21285960757568637,8,48
8,0.21550096144633366,8,48
8,0.26943309153949735,8,48
8,0.2737055591905539,8,48
8,0.22997618300880807,8,48
8,0.23289063954670178,8,48
8,0.28451023041771734,8,48
8,0.2871803436251868,8,48
8,0.2968681528350674,8,48
8,0.2997402112444797,8,48
8,0.3042086830911548,8,48
8,0.307519096431025,8,48
8,0.3236217342671579,8,48
8,0.3276490132010325,8,48
8,0.3364181907013428,8,48
8,0.3394075429935915,8,48
8,0.25627228766403426,8,48
8,0.259289360135877,8,48
8,0.27694027499713736,8,48
8,0.2811093016036185,8,48
8,0.31102677017911434,8,48
8,0.3143696846684419,8,48
8,0.2902057735849259,8,48
8,0.2935797524941177,8,48
8,0.3170403583998554,8,48
8,0.32098855720844083,8,48
8,0.348777046822998,8,48
8,0.3521646779136143,8,48
8,0.3303577963553742,8,48
8,0.3330686789515237,8,48
8,0.35457648215088405,8,48
8,0.35806273912055453,8,48
8,0.3609777935018216,8,48
8,0.36465539934292385,8,48
8,0.3427219568767291,8,48
8,0.34532387500998885,8,48
8,0.3735568220576274,8,48
8,0.3765858243032292,8,48
8,0.3934670641292485,8,48
8,0.39779046603135115,8,48
8,0.41320192345854934,8,48
8,0.41610992946568043,8,48
8,0.36725550202612167,8,48
8,0.3699796291854599,8,48
8,0.37975557500700663,8,48
8,0.38329577363794803,8,48
8,0.42794590977015307,8,48
8,0.43169502049271563,8,48
8,0.38647918433125067,8,48
8,0.39007375652980525,8,48
8,0.453908821045534,8,48
8,0.4576693539964987,8,48
8,0.4074394958850924,8,48
8,0.410253708168392,8,48
8,0.43531409304186813,8,48
8,0.4383379601730003,8,48
8,0.44788465564861796,8,48
8,0.45102300263845807,8,48
8,0.4677612943821038,8,48
8,0.4705912343029058,8,48
8,0.4204688226211032,8,48
8,0.42378892565322707,8,48
8,0.40078787109040714,8,48
8,0.403795819253211,8,48
8,0.45998636513338137,8,48
8,0.46441061660912847,8,48
10,0.1234545236158312,10,58
10,0.156486640507338,10,58
10,0.3137568352933625,10,58
10,0.346227451191575,10,58
10,4.553818333413073e-05,10,58
10,0.02857716844814001,10,58
8,0.47358301582000956,8,48
8,0.47629672350023633,8,48
8,0.4413807280075129,8,48
8,0.44495177468330493,8,48
10,0.24959671946902307,10,58
10,0.28093747661386437,10,58
10,0.5689719342847298,10,58
10,0.6001252566029908,10,58
10,0.3780469612883088,10,58
10,0.41184485579332003,10,58
10,0.18569743562751453,10,58
10,0.21857918336988588,10,58
10,0.058963809377100246,10,58
10,0.09156272950870027,10,58
10,0.6928213790786684,10,58
10,0.7211974567006288,10,58
10,0.6321911442604881,10,58
10,0.6653322357338007,10,58
10,0.8162551917880103,10,58
10,0.8491529886666676,10,58
10,1.0064810381868408,10,58
10,1.0382579920002626,10,58
10,0.9414938064802055,10,58
10,0.9732861127741169,10,58
10,0.750586600019486,10,58
10,0.7841790839458602,10,58
10,0.5073955353794974,10,58
10,0.5356708763521654,10,58
10,0.4425894310910794,10,58
10,0.4744211826140561,10,58
10,0.8784771649436939,10,58
10,0.9104583459898435,10,58
10,1.1982729175635918,10,58
10,1.227857759633295,10,58
10,1.3241445531902474,10,58
10,1.3579411053473074,10,58
10,1.261982715562705,10,58
10,1.292884194811442,10,58
10,1.0699866633855444,10,58
10,1.1043045128111018,10,58
10,1.4432350240457839,10,58
10,1.4769853924508742,10,58
10,1.5096916895041983,10,58
10,1.540783779150515,10,58
10,1.5721043052984724,10,58
10,1.6032482166345636,10,58
10,1.1346757752052619,10,58
10,1.166833152163325,10,58
10,1.827537744642447,10,58
10,1.8602175747315064,10,58
10,1.698000947979553,10,58
10,1.7308609574584923,10,58
10,1.9543492183194608,10,58
10,1.9848156710146212,10,58
10,1.3860896782694205,10,58
10,1.4145928357522326,10,58
10,1.890427578360366,10,58
10,1.921299323839198,10,58
10,2.0792576184545304,10,58
10,2.1077190189559882,10,58
10,1.633337303937148,10,58
10,1.66635316855524,10,58
10,2.201105383012576,10,58
10,2.232126002248859,10,58
10,2.136357392657598,10,58
10,2.1700386700581027,10,58
10,1.7636876131969548,10,58
10,1.795545679936964,10,58
10,2.3904587723701294,10,58
10,2.4227155786938086,10,58
10,2.3265748831841955,10,58
10,2.3585775237746023,10,58
10,2.455772036643206,10,58
10,2.487580786553105,10,58
10,2.5838159110868903,10,58
10,2.6145788852637155,10,58
10,2.016441989527277,10,58
10,2.0502887712891593,10,58
10,2.772233030655759,10,58
10,2.8007197011685347,10,58
10,2.6446610768723313,10,58
10,2.6769039532297434,10,58
10,2.82796155171561,10,58
10,2.861974698938576,10,58
10,2.2655395916295675,10,58
10,2.296095686352132,10,58
10,3.019533078985838,10,58
10,3.0515290857671173,10,58
10,2.709743064672945,10,58
10,2.743105444526571,10,58
10,3.081899936003997,10,58
10,3.115745848100581,10,58
10,2.958577116192226,10,58
10,2.9875921744936873,10,58
10,2.5201068696341036,10,58
10,2.5528245096799784,10,58
10,2.8933334220680607,10,58
10,2.9244382526964503,10,58
12,0.12647243937743663,12,72
12,0.1640354255743992,12,72
12,2.2630837080578327e-05,12,72
12,0.03424368582628186,12,72
12,0.06257660148188583,12,72
12,0.0914213474046013,12,72
12,0.2514008415763979,12,72
12,0.28366484764497657,12,72
12,0.19266948329619724,12,72
12,0.22191474695513339,12,72
12,0.3803664424781002,12,72
12,0.41176945290767936,12,72
12,0.5039849921829179,12,72
12,0.5327556970842035,12,72
12,0.8223105275356095,12,72
12,0.857870947831035,12,72
12,0.8893644003709569,12,72
12,0.9144233412697018,12,72
12,1.0102752252260951,12,72
12,1.0397552568631583,12,72
12,0.7571259690713552,12,72
12,0.787181951956013,12,72
12,0.6291762786423282,12,72
12,0.6613268015864256,12,72
12,0.31442417121865146,12,72
12,0.3472753724098311,12,72
12,0.9466923686666785,12,72
12,0.979517605444225,12,72
12,1.0730692650705198,12,72
12,1.105671746907846,12,72
12,0.5681134341311693,12,72
12,0.601713011047662,12,72
12,0.4427536119225108,12,72
12,0.4733648084151914,12,72
12,0.693287758183827,12,72
12,0.7292585016491409,12,72
12,1.135244764992351,12,72
12,1.1690826404607708,12,72
12,1.3250994709448967,12,72
12,1.356110222791066,12,72
12,1.4524071904319547,12,72
12,1.4815886051215756,12,72
12,1.2623078167556814,12,72
12,1.2954446812464824,12,72
12,1.197520219151455,12,72
12,1.2266884183697473,12,72
12,1.3873193729513915,12,72
12,1.4226988536000302,12,72
12,1.5831760777489923,12,72
12,1.6093227862672905,12,72
12,1.6405326489096896,12,72
12,1.674920191611288,12,72
12,1.8929999590694784,12,72
12,1.9184355047798578,12,72
12,2.1446654917707058,12,72
12,2.1758825025166253,12,72
12,1.5171150564669815,12,72
12,1.5524674505613243,12,72
12,1.702808102855867,12,72
12,1.735802511843364,12,72
12,2.019507994169532,12,72
12,2.0515496168792438,12,72
12,1.9560217701241336,12,72
12,1.9865103438178742,12,72
12,1.7679440642655453,12,72
12,1.7997859348748215,12,72
12,1.830777982537473,12,72
12,1.8644466252879084,12,72
12,2.082017040143259,12,72
12,2.1168499696839778,12,72
12,2.2099860195311587,12,72
12,2.243819343679726,12,72
12,2.3350272721395986,12,72
12,2.3708928125840734,12,72
12,2.2773054630167135,12,72
12,2.3047010488362507,12,72
12,2.461503378926339,12,72
12,2.4937675960900285,12,72
12,2.5871851623666373,12,72
12,2.614133385162747,12,72
12,2.398233648350071,12,72
12,2.430413203844419,12,72
12,2.905610246456709,12,72
12,2.939340754746702,12,72
12,2.713982984877631,12,72
12,2.7453725343847215,12,72
12,3.0919143145265413,12,72
12,3.1247776379186507,12,72
12,2.522288605600002,12,72
12,2.557750380018758,12,72
12,2.971798048446475,12,72
12,2.9996475977879644,12,72
12,3.028707938316069,12,72
12,3.0653706502152036,12,72
12,2.6497607518614874,12,72
12,2.680400625315715,12,72
14,4.918317828235826e-05,14,82
14,0.03125432025092473,14,82
14,0.06262308942872719,14,82
14,0.09782764963739372,14,82
12,2.8404539992714475,12,72
12,2.871265977282866,12,72
12,2.776688148584567,12,72
12,2.808969711477567,12,72
14,0.1271235815299077,14,82
14,0.15850786943294665,14,82
14,0.18838698513778523,14,82
14,0.22127635172978086,14,82
14,0.31500005814784776,14,82
14,0.34624273677093365,14,82
14,0.6924893332802834,14,82
14,0.7237862993199042,14,82
14,0.6286462390436843,14,82
14,0.6614200791419848,14,82
14,0.25152231782922524,14,82
14,0.28396666627694783,14,82
14,0.5643572073829335,14,82
14,0.5946871267981684,14,82
14,0.4399406750949342,14,82
14,0.4707594428954259,14,82
14,0.8803828091749514,14,82
14,0.9136270144484842,14,82
14,0.3771582102621321,14,82
14,0.4084578644708163,14,82
14,0.5035735925311559,14,82
14,0.5343874020599344,14,82
14,0.9440609347115533,14,82
14,0.9754412244635854,14,82
14,1.0071772391934382,14,82
14,1.0383062582867582,14,82
14,0.8196434272618266,14,82
14,0.8506747445265208,14,82
14,1.1313599559387495,14,82
14,1.1624367351994693,14,82
14,1.0693026594525457,14,82
14,1.1006649244040945,14,82
14,1.1959066242716812,14,82
14,1.2261726223725216,14,82
14,0.7551965812092123,14,82
14,0.7893894959294513,14,82
14,1.5120713857981398,14,82
14,1.5422297375025034,14,82
14,1.2574734013376627,14,82
14,1.2880062002842791,14,82
14,1.636956188264232,14,82
14,1.6668398111651763,14,82
14,1.5728281856959978,14,82
14,1.6050736018082985,14,82
14,1.384867995623355,14,82
14,1.4145377582110255,14,82
14,1.7610022458128567,14,82
14,1.7931782084213443,14,82
14,1.3202007034849104,14,82
14,1.352829927548718,14,82
14,1.8244655815334432,14,82
14,1.8547007046346375,14,82
14,1.8869858602952954,14,82
14,1.9188925037740234,14,82
14,2.0116877068594894,14,82
14,2.044710333267532,14,82
14,1.4469819454603698,14,82
14,1.4799519979205824,14,82
14,2.1384350737735125,14,82
14,2.1713025833353448,14,82
14,2.329161163748451,14,82
14,2.3598358642252553,14,82
14,2.2037463843698237,14,82
14,2.234306715386249,14,82
14,1.6984897386741837,14,82
14,1.730553463126385,14,82
14,2.3910242663157155,14,82
14,2.4224679154260493,14,82
14,1.9495229628499078,14,82
14,1.9793446741955556,14,82
14,2.4531672303730994,14,82
14,2.485238918785784,14,82
14,2.5162292958907435,14,82
14,2.5475671685789782,14,82
14,2.0772439334215105,14,82
14,2.1068434360012005,14,82
14,2.2653770145780627,14,82
14,2.2957459493740084,14,82
14,2.578459245035912,14,82
14,2.6112496852088323,14,82
14,2.702408325257604,14,82
14,2.736122102508314,14,82
14,2.7684946533955226,14,82
14,2.799226603170431,14,82
14,2.830173652723373,14,82
14,2.8630493029025113,14,82
14,2.6408749010786807,14,82
14,2.6722226467388466,14,82
14,3.0829329010290416,14,82
14,3.1145665763318826,14,82
14,2.8965039428327537,14,82
14,2.927405560672926,14,82
16,0.006636855605868982,16,96
16,0.009089226217903843,16,96
14,2.957303772897858,14,82
14,2.9881705233656994,14,82
16,0.030248989789907553,16,96
16,0.03374207562420452,16,96
16,0.0240974393679672,16,96
16,0.027024633026571498,16,96
14,3.020748328138393,14,82
14,3.051781721332382,14,82
16,4.912350323071784e-05,16,96
16,0.0034559035136789104,16,96
16,0.011872164109811232,16,96
16,0.014497949926028502,16,96
16,0.037373301756077865,16,96
16,0.03974455544660057,16,96
16,0.06867721993300568,16,96
16,0.07116779389087123,16,96
16,0.0489883857685959,16,96
16,0.05188632382329771,16,94
16,0.0181441194593453,16,96
16,0.0209448767822579,16,96
16,0.08077836929354941,16,94
16,0.08395175877693635,16,94
16,0.06139530996520468,16,96
16,0.06508927241253633,16,96
16,0.10012229092017327,16,96
16,0.10334129672396636,16,96
16,0.04305126499152339,16,96
16,0.04596550095078441,16,96
16,0.07403384330889899,16,96
16,0.07761272102287484,16,96
16,0.10675430748609667,16,96
16,0.11035745496616078,16,96
16,0.055228628732856125,16,96
16,0.05809378212659814,16,96
16,0.11313031799593394,16,96
16,0.11636894797140915,16,96
16,0.09355855619778967,16,96
16,0.0968895288611652,16,96
16,0.08707743809351517,16,96
16,0.09024842297850462,16,96
16,0.11907251104235779,16,96
16,0.121965819068015,16,96
16,0.13182717758677345,16,94
16,0.13498728798188464,16,96
16,0.14333078256916473,16,96
16,0.14660618505429007,16,96
16,0.15612917299642612,16,96
16,0.15958502171935599,16,96
16,0.13767947874468145,16,96
16,0.14044046668813448,16,96
16,0.1627823566989744,16,96
16,0.1658159060494675,16,96
16,0.12494989426097962,16,96
16,0.1283260510188605,16,96
16,0.17489265101523543,16,96
16,0.17830164559679482,16,96
16,0.1495127043722097,16,96
16,0.1531498455373034,16,96
16,0.20245446617300786,16,96
16,0.20570215825576327,16,94
16,0.19548691370992635,16,96
16,0.19910655378252204,16,96
16,0.18821157802496147,16,96
16,0.19194341621308075,16,96
16,0.1688671736111558,16,94
16,0.17141435280294318,16,96
16,0.21526594586491424,16,96
16,0.2183035931439673,16,96
16,0.20880142076311375,16,94
16,0.21220906645932736,16,96
16,0.1812894670583784,16,96
16,0.1848492892947346,16,96
16,0.22776312453343311,16,96
16,0.23126502227613585,16,94
16,0.23401877954551295,16,96
16,0.23691724774351952,16,96
16,0.2402253182756907,16,96
16,0.24342176368385696,16,96
16,0.25374925799094994,16,96
16,0.2565411883197094,16,96
16,0.2213121185959932,16,96
16,0.22439568364861134,16,96
16,0.24737683337182337,16,96
16,0.25044753003769826,16,96
16,0.26523781577917105,16,96
16,0.26849625165549046,16,96
16,0.2595193804606387,16,94
16,0.26257458716932613,16,96
16,0.3030178007536806,16,96
16,0.30632736370212815,16,96
16,0.2905975321171205,16,96
16,0.2944923397606952,16,96
16,0.2971224388063023,16,96
16,0.29988820711974534,16,96
16,0.27836026635191186,16,96
16,0.28159849166658024,16,94
16,0.2716903817441877,16,96
16,0.2751817551479981,16,96
16,0.3158323762394685,16,96
16,0.31879392769111187,16,96
16,0.32227851961588483,16,96
16,0.3254782314063857,16,96
16,0.3284736153917498,16,96
16,0.33202955116060706,16,96
16,0.2847494406144215,16,96
16,0.2875207172763402,16,96
16,0.33506285177855966,16,96
16,0.3387649963324879,16,96
16,0.3418159158812522,16,96
16,0.34473568142885025,16,96
16,0.30943754519259575,16,96
16,0.3129649117071212,16,96
16,0.35422071762841184,16,96
16,0.35713996949143023,16,96
16,0.36052995316872266,16,96
16,0.36366170085140886,16,96
16,0.34794851543749195,16,96
16,0.3509838107220447,16,96
16,0.38598430140725015,16,96
16,0.38947831625977153,16,96
16,0.3800172549166762,16,96
16,0.3828739770366088,16,96
16,0.39279034628138704,16,96
16,0.3958399051699163,16,96
16,0.41137503422212834,16,96
16,0.41459006916638974,16,96
16,0.40479708366617806,16,96
16,0.4083089069851834,16,96
16,0.3734736075974686,16,96
16,0.37663771101612376,16,96
16,0.42375231510254385,16,96
16,0.42711239477011936,16,96
16,0.3670891527395727,16,96
16,0.37022883783147764,16,96
16,0.3990108743751858,16,96
16,0.4016363544616512,16,96
16,0.41733465274163034,16,96
16,0.42072258152460784,16,96
16,0.4425630940122573,16,96
16,0.4451370748653692,16,96
16,0.4487393678023183,16,96
16,0.45141365298528824,16,96
16,0.4362766450727641,16,96
16,0.43917395525658365,16,96
16,0.4302307351725414,16,96
16,0.4335468381358546,16,96
16,0.46785779797291954,16,96
16,0.4712570268881431,16,96
16,0.45561696614486186,16,96
16,0.45846540558405163,16,96
16,0.46190550608374875,16,96
16,0.46478926409889976,16,96
