f,theta,unitary_exact,eps,diag_max,offdiag_max,N_D_asis,n_T3_asis,n_L4_asis,n_R_asis,T_unit_asis,T_merged_asis,T_meas_asis,N_D_best,T_unit_best,T_merged_best,T_meas_best,wall
8,0.050760943571334,1,4.8094766480869684e-05,2.604219737279938e-05,1.3965369883112867e-05,63,23,10,6,135,99,87,60,115,84,76,45.0
8,0.29516678396573,1,1.7142305480130107e-05,4.593815586433996e-06,7.884650885477216e-06,57,19,10,8,145,101,91,54,125,87,80,46.0
8,0.308108442528372,1,4.0305443677342994e-05,2.0045141372036424e-06,2.044971539345677e-05,75,31,8,4,115,89,79,71,88,72,64,36.5
8,0.5481938263995,1,3.639754842296295e-05,6.879231888905268e-06,2.240231799915863e-05,65,25,10,4,123,93,81,63,110,84,74,48.7
8,0.549968259619878,1,4.8904713203509005e-05,3.297509293692984e-05,8.742346216843996e-06,43,9,12,12,177,120,105,39,156,107,93,77.5
8,0.550530906116499,1,4.925238567498583e-05,9.41806281655133e-06,3.179616784066273e-05,61,21,12,6,147,107,93,57,120,90,78,57.8
8,0.665032959538128,1,5.967708299870591e-05,1.1992512778811245e-05,4.006004420305935e-05,57,19,14,4,145,107,91,52,117,89,75,61.3
8,0.945598845780928,1,3.9185938293415395e-05,4.098304985719841e-06,1.8773548293999156e-05,37,7,14,10,175,120,103,33,160,112,94,102.5
8,1.461922957984425,1,4.7360037204505516e-05,2.609270021618348e-05,1.4818296518721958e-05,44,13,14,2,125,93,77,42,125,93,77,62.7
8,1.607965175986238,1,2.1450043949037368e-05,1.2364742049941744e-05,6.133170144705803e-06,57,21,12,4,133,99,85,53,118,90,76,57.4
8,2.553220024177562,1,2.0246049639088967e-05,1.5555206970502913e-06,8.8426976932103e-06,54,19,10,6,131,96,83,53,124,90,79,57.3
8,2.640371661913527,1,5.4828012410309784e-05,3.6955148253310975e-05,7.523460209066097e-06,61,25,8,4,109,84,73,58,101,79,68,53.5
8,2.84080802814101,1,3.19211629636342e-05,1.2775927568065232e-06,1.6441119002795845e-05,63,23,12,4,135,101,87,60,115,87,76,77.2
8,3.583429827328188,1,3.1205276776029135e-05,6.537541957291266e-06,1.3965355622114888e-05,55,19,8,10,145,101,91,53,144,98,90,59.5
8,3.914184216808458,1,4.991080735283395e-05,2.8205430654814315e-05,2.0443778985715364e-05,62,23,6,10,135,96,87,61,128,90,83,44.9
8,4.555200349999023,1,4.360641207661973e-05,1.35485290148737e-05,2.2393654559829767e-05,53,15,14,8,169,119,103,50,149,105,92,58.3
8,4.751838736050011,1,3.861744232300891e-05,2.1819270038386714e-05,1.1526592745612558e-05,75,35,6,0,77,67,59,73,76,66,58,37.3
8,5.266650496328809,1,2.4480772272192494e-05,1.1507312836801794e-05,7.523469366842056e-06,55,19,10,8,145,103,91,51,130,92,82,55.1
8,5.577239952132305,1,3.76773229209775e-05,2.3285102093072913e-05,8.84268246115505e-06,56,19,12,4,131,99,83,53,124,94,79,85.5
8,5.605316219237084,1,2.6566895953532874e-05,1.3739823211712038e-05,8.842679952607183e-06,77,33,8,2,103,83,73,73,82,70,61,38.3
8,5.8113147533607,1,4.9640373544593924e-05,6.1003834406101036e-06,3.4100131317500326e-05,54,18,12,5,137,101,86,51,123,91,78,51.8
8,5.862001709108152,1,2.825410355277256e-05,1.6852413500905754e-05,7.52344695405838e-06,60,21,12,5,140,102,89,57,119,89,77,57.1
8,5.972796057427733,1,2.974050841903728e-05,1.0472785169756871e-05,1.1526628559150437e-05,63,25,12,0,109,87,73,60,95,77,65,70.1
8,6.009119414601423,1,1.752210548384825e-05,6.194660125050319e-06,7.523446947175446e-06,62,23,6,8,121,87,79,59,114,81,75,50.4
8,6.146914536687683,1,5.9306858905772905e-05,4.5301531424993775e-06,2.827687020959423e-05,63,25,10,2,109,84,73,62,95,73,65,48.3
10,0.050760943571334,1,4.056137622036777e-06,2.4753137224792642e-06,1.0236754450407772e-06,63,19,20,4,187,137,115,59,166,124,103,76.6
10,0.29516678396573,1,4.223853011817828e-06,7.318201727645737e-07,1.7154470986903809e-06,63,21,12,9,168,119,105,61,154,109,97,65.1
10,0.308108442528372,1,2.8113565965246077e-06,1.381558631274295e-07,1.1844207116439247e-06,89,37,8,6,135,101,93,86,115,88,82,53.8
10,0.5481938263995,1,3.8620373990833034e-06,2.0077472526381184e-06,1.2616303423153047e-06,72,25,16,5,172,127,109,69,151,113,97,65.8
10,0.549968259619878,1,1.4099249467574453e-05,9.583956987345171e-06,1.9952569555563118e-06,70,25,10,8,151,112,97,67,144,107,93,83.4
10,0.550530906116499,1,4.599238726342215e-06,6.43730804875958e-07,3.1686751945813478e-06,95,41,6,6,125,95,89,92,105,80,78,68.7
10,0.665032959538128,1,3.587459021119165e-06,7.377597301213944e-07,1.6368598731488715e-06,70,25,12,6,151,112,97,68,144,105,93,80.1
10,0.945598845780928,1,7.362599107394264e-06,2.366803255347352e-06,3.625346962263765e-06,88,39,8,3,116,93,83,86,115,91,82,51.8
10,1.461922957984425,1,5.995868417002407e-06,1.934352453004082e-06,3.7565799695538514e-06,75,29,10,8,155,110,101,72,147,104,96,67.3
10,1.607965175986238,1,1.5760710027584414e-06,6.903226265496628e-07,8.447765529250278e-07,79,29,14,6,169,125,109,75,142,108,94,62.7
10,2.553220024177562,1,2.735065205292446e-06,6.82181719496974e-07,1.2616302220440638e-06,61,17,12,14,199,139,121,57,178,126,109,86.0
10,2.640371661913527,1,1.7864534939093434e-06,1.1630584869696635e-06,4.372594637882311e-07,81,31,12,6,157,117,103,78,137,104,92,71.2
10,2.84080802814101,1,2.2357707247356345e-06,1.2175066217665684e-06,7.00235292148132e-07,75,30,8,5,121,97,82,72,114,92,78,83.9
10,3.583429827328188,1,1.967273516218631e-06,3.4687153968935724e-07,8.218016916533327e-07,75,27,12,8,167,118,107,71,146,105,95,67.4
10,3.914184216808458,1,3.7838434968170945e-06,8.462422630671135e-07,1.4732319120131981e-06,71,25,16,4,165,123,105,69,152,114,98,68.7
10,4.555200349999023,1,5.199291652935434e-06,7.563011059295947e-07,3.2737327392795187e-06,78,29,12,7,162,118,105,75,142,104,94,66.9
10,4.751838736050011,1,3.533711417304502e-06,1.754383117696324e-06,1.2031605008463899e-06,79,31,12,6,157,117,103,75,142,108,94,64.9
10,5.266650496328809,1,3.916066480016651e-06,4.384419621457373e-07,1.9329294032873697e-06,94,43,4,4,99,85,75,93,92,80,71,43.8
10,5.577239952132305,1,3.6990210441023323e-06,1.8311945963622328e-06,1.8537253219224856e-06,73,27,8,10,153,107,99,71,140,98,92,73.4
10,5.605316219237084,1,4.101650422946332e-06,1.7091100746050257e-06,2.3171327550044234e-06,73,25,14,8,179,128,113,69,152,110,98,75.4
10,5.8113147533607,1,4.336169214604349e-06,2.1905665859437498e-06,1.50695045336389e-06,66,22,8,13,169,121,106,63,149,106,95,59.4
10,5.862001709108152,1,3.3631838467485987e-06,1.7137213368810679e-06,1.15640003084326e-06,89,37,6,8,135,102,93,86,115,88,82,46.1
10,5.972796057427733,1,3.26785302476089e-06,2.2400708563534818e-06,5.193333187980467e-07,51,9,20,12,233,158,137,46,205,140,121,74.5
10,6.009119414601423,1,3.157689132460478e-06,1.1690264367563847e-06,1.449742972684995e-06,64,20,12,11,181,128,112,59,153,109,96,66.9
10,6.146914536687683,1,4.1590269552231914e-06,7.35505202025875e-07,1.647486734340596e-06,68,23,10,10,163,118,103,66,156,112,99,70.9
