eps,level,theta,N_D,T_meas,T_meas_bestK,T_meas_copy,T_merged,T_merged_bestK,T_merged_copy,T_unit,T_unit_bestK,T_unit_copy,n_L4,n_R,n_T3,n_near,n_pool,n_rebuild_bad
2.693704151584478e-08,14,0.054724068582,107,131,129,130,151,146,150,197,189,196,18,4,43,4,233,0
1.2560220984479172e-08,14,0.055170833979,111,125,117,118,142,130,133,185,165,172,16,4,45,4,118,0
1.6921893780398477e-08,14,0.127457194371,99,141,127,136,159,142,154,219,187,211,18,8,37,5,128,0
2.3151223723581424e-08,14,0.318142757355,117,129,121,124,146,136,141,189,172,181,16,4,49,5,216,0
1.5125987045905333e-08,14,0.367016113942,119,129,129,118,145,145,131,189,189,169,14,6,49,3,154,0
1.6063391324041978e-08,14,0.388181528522,105,143,139,132,159,154,145,221,211,201,16,10,39,3,255,0
1.014846206997588e-08,14,0.400097987008,123,131,131,123,147,147,137,191,191,177,14,6,51,1,120,0
3.512395682890611e-08,14,0.404562523382,117,135,117,120,151,135,134,201,167,174,16,6,47,7,338,0
1.4827322791452206e-08,14,0.447977087079,114,127,127,123,147,147,142,187,187,180,16,4,47,3,128,0
2.4131904311726054e-08,14,0.517629588202,119,129,129,118,144,144,129,189,189,169,12,8,49,4,231,0
3.759138319297313e-08,14,0.609097979517,109,131,111,120,146,119,132,197,147,177,16,6,43,22,64,0
1.747025043697504e-08,14,0.633604317485,105,143,127,132,167,131,154,221,181,201,22,4,39,13,383,0
2.6915237174109905e-08,14,0.65008772228,110,142,123,131,160,137,146,217,177,197,16,9,42,22,177,0
1.3538836050989533e-08,14,0.743454936699,101,155,139,139,179,154,161,245,208,217,22,8,35,3,138,0
2.927074392687055e-08,14,0.790581755182,109,145,127,130,164,147,146,223,187,196,18,8,41,5,144,0
1.5709567673857505e-08,14,0.931595039182,93,145,123,144,165,139,164,229,177,228,20,8,33,3,194,0
2.799555486171925e-08,14,0.946066738807,101,121,115,112,137,133,128,181,163,166,12,8,41,4,94,0
5.023957677884978e-08,14,0.996442701614,121,137,113,125,155,123,142,203,155,182,16,6,49,105,122,0
2.0414447863136645e-08,14,0.999134346844,97,147,143,142,169,165,165,231,221,223,22,6,35,2,46,0
1.0397318520422829e-08,14,1.111473778133,105,143,143,132,165,165,151,221,221,201,18,8,39,1,212,0
1.2854257583220537e-08,14,1.114602872823,113,119,119,112,137,137,127,173,173,160,14,4,47,1,317,0
1.9049561380735464e-08,14,1.170544448855,111,153,131,142,171,148,157,237,197,217,16,12,41,5,306,0
1.4521992534441802e-08,14,1.170850641014,119,129,129,118,146,146,132,189,189,169,16,4,49,2,334,0
9.240422045472179e-09,14,1.238572500089,105,143,143,131,167,167,154,221,221,200,22,4,39,1,122,0
2.6805828651813432e-08,14,1.323704465465,114,133,120,125,151,136,141,199,177,185,12,10,45,15,368,0
3.297652092998986e-08,14,1.34742282842,129,113,113,105,120,120,109,155,155,141,6,8,57,9,36,0
2.283125354369418e-08,14,1.359711140108,119,143,143,128,157,157,140,215,215,188,14,10,47,1,80,0
1.0571504782041483e-08,14,1.376108225545,102,141,139,137,165,155,160,219,211,212,20,6,37,3,190,0
1.325145357858059e-08,14,1.403416420997,97,153,125,146,177,144,168,243,185,230,22,8,33,3,398,0
3.854648853484681e-08,14,1.476853246354,99,141,117,132,156,133,148,219,165,204,14,12,37,28,161,0
3.50714166104651e-08,14,1.628261511066,137,111,111,106,121,121,117,147,147,139,10,2,63,6,22,0
2.593220025391531e-08,14,1.660483906418,91,157,145,146,182,165,168,253,223,233,24,8,29,2,32,0
2.4062046995568243e-08,14,1.6696535455,109,131,129,120,149,144,135,197,189,177,16,6,43,6,196,0
1.2236544036060017e-08,14,1.755855595326,103,149,143,137,165,157,150,233,215,212,14,14,37,3,230,0
2.0319170154327513e-08,14,1.816252988043,107,165,165,153,185,185,172,261,261,240,18,14,37,1,118,0
1.2488169702611823e-08,14,1.888734777299,88,155,117,151,181,131,176,251,162,244,20,12,27,7,92,0
1.4074535510272004e-08,14,1.948234702007,119,129,129,113,147,147,129,189,189,161,16,4,49,5,200,0
3.3410327309869885e-08,14,1.975517810978,99,147,109,132,171,123,154,231,145,204,20,8,35,10,119,0
1.6954162920178656e-08,14,2.014804701671,99,141,141,136,159,159,153,219,219,211,18,8,37,1,244,0
1.1783556962650338e-08,14,2.084500064939,103,129,129,120,143,143,134,195,195,180,14,8,41,1,128,0
2.8315568679059675e-08,14,2.135554166593,109,139,121,130,159,139,150,211,175,196,18,6,43,6,66,0
1.7646840241502442e-08,14,2.212553872135,117,135,135,123,155,155,142,201,201,180,18,4,47,6,252,0
1.9731845438735142e-08,14,2.575250775177,79,145,119,136,166,131,159,235,167,220,20,10,25,2,302,0
9.02581995391359e-09,14,2.682512147404,93,145,145,136,167,167,159,229,229,214,22,6,33,1,498,0
1.172743048826412e-08,14,2.919898009912,111,139,130,124,157,151,140,211,199,184,18,6,43,2,186,0
3.31197097743006e-08,14,2.963783024859,117,129,117,120,134,128,124,189,159,174,8,12,49,19,274,0
1.577203898698447e-08,14,3.022930664888,95,159,119,148,185,133,171,255,173,235,24,8,31,5,104,0
8.44417565828389e-09,14,3.117528137299,86,158,151,146,179,168,165,257,238,236,18,15,26,3,47,0
1.3605525668008987e-08,14,3.164127976377,77,151,124,150,179,131,178,247,187,246,26,6,23,2,116,0
1.9943736105000664e-08,14,3.303101580984,99,147,135,140,171,160,162,231,213,218,22,6,35,2,36,0
1.38868829705228e-08,14,3.451650587259,121,137,137,122,151,151,134,203,203,176,14,8,49,1,114,0
2.306505840839407e-08,14,3.502129041894,98,137,137,132,154,154,150,212,212,204,18,7,37,1,317,0
4.831501826954968e-08,14,3.601431882103,109,139,123,134,158,137,153,211,177,203,18,6,43,26,26,0
2.987404634148614e-08,14,3.697398467073,85,155,123,154,181,133,180,251,171,250,24,8,27,4,24,0
1.23551420866255e-08,14,3.865832950012,109,131,131,116,144,144,126,197,197,170,12,10,43,2,50,0
1.3092635960102948e-08,14,3.912312711114,93,165,157,149,188,182,169,267,256,239,22,12,29,2,94,0
3.339286673251048e-08,14,3.92559216931,101,149,107,144,170,121,165,233,155,225,20,8,37,18,204,0
1.5881431058714915e-08,14,3.950772119022,101,141,141,134,158,158,148,219,219,206,18,8,37,2,138,0
3.5240269121747255e-08,14,3.96397233393,106,129,129,125,141,141,136,195,193,188,10,12,41,8,35,0
9.829694072060715e-09,14,4.050535851398,85,147,147,131,172,172,153,237,237,209,20,10,27,1,361,0
2.281084014223485e-08,14,4.051155783299,105,143,105,128,162,110,144,221,135,194,16,10,39,7,156,0
1.9181225300828338e-08,14,4.056757364656,105,143,143,132,165,165,151,221,221,201,18,8,39,1,122,0
1.7009586814400876e-08,14,4.068351229122,99,155,129,150,174,145,169,245,191,237,18,12,35,5,176,0
4.154777876596535e-08,14,4.07446915835,102,152,115,145,173,127,164,239,157,226,18,11,36,7,126,0
1.642819134169912e-08,14,4.079899703345,103,135,125,127,157,145,147,207,185,193,20,4,39,4,117,0
1.7318743039104638e-08,14,4.089989654324,103,149,145,134,169,165,151,233,223,206,18,10,37,2,502,0
3.5414618980512813e-08,14,4.124718537997,109,125,117,124,145,137,144,185,171,184,18,2,45,18,126,0
1.991111164090498e-08,14,4.224947236879,90,163,133,159,187,146,181,265,193,258,20,14,27,8,186,0
1.604654727852396e-08,14,4.359084529068,109,145,145,133,165,165,152,223,223,202,16,10,41,1,178,0
2.4454794949121262e-08,14,4.366735887271,97,139,139,128,157,157,143,217,217,197,16,10,35,1,34,0
2.3956397329270228e-08,14,4.388925552714,93,145,125,136,165,139,158,229,179,214,18,10,33,9,174,0
2.4608665312462127e-08,14,4.400047551875,108,141,115,129,160,125,146,216,157,195,18,7,41,12,274,0
7.572678474935722e-09,14,4.43384730892,99,147,143,131,173,169,155,231,227,203,24,4,35,3,92,0
6.9307872560577035e-09,14,4.440323961729,115,141,141,126,161,161,144,213,213,186,18,6,45,1,216,0
2.5524661439985275e-08,14,4.574441012755,97,133,125,132,152,142,150,205,185,204,18,6,37,4,254,0
2.4886533170354257e-08,14,4.612298942034,108,123,123,123,141,141,141,183,183,183,16,4,43,4,93,0
3.3430795203199876e-08,14,4.638065356031,103,129,117,124,146,129,140,195,159,187,14,8,41,16,164,0
2.2102774723121093e-08,14,4.765167640188,109,139,133,134,159,146,153,211,193,203,18,6,43,6,186,0
4.111327171555656e-08,14,4.880102568024,101,141,133,130,156,151,138,219,199,199,16,10,37,7,16,0
2.0161292298263586e-08,14,4.913384167937,96,131,129,131,148,147,148,203,195,203,18,6,35,6,176,0
1.0208979963467086e-08,14,4.934161569134,94,141,141,134,164,164,155,222,222,209,20,7,33,1,110,0
2.2321258332110218e-08,14,4.946011327199,111,153,137,142,170,152,156,237,203,217,16,12,41,3,86,0
2.358367649418651e-08,14,4.976599909279,97,153,129,138,173,145,156,243,195,216,18,12,33,19,280,0
1.4333999407872815e-08,14,5.199124182768,107,151,151,139,173,173,160,235,235,214,20,8,39,1,425,0
8.319565031205516e-09,14,5.20203756575,107,123,115,116,143,120,134,183,163,170,16,4,43,2,136,0
2.1967928678726824e-08,14,5.257906300814,117,121,121,113,139,134,129,175,175,161,14,4,49,7,166,0
7.547202772388582e-09,14,5.301062240499,120,133,133,122,148,148,134,196,196,176,14,7,49,1,492,0
1.3009174450117208e-08,14,5.322445774063,98,150,150,138,175,175,162,237,237,216,22,7,34,1,156,0
5.365236206253348e-08,14,5.624031433867,111,133,121,128,150,141,145,199,181,191,16,6,45,27,34,0
1.556853616845556e-08,14,5.857916362433,115,127,127,115,145,145,131,187,187,166,14,6,47,2,310,0
2.4947136388462805e-08,14,5.876253271939,104,133,133,132,153,153,151,202,202,201,18,5,41,2,250,0
2.4020422516427013e-08,14,5.958311561747,119,143,131,127,161,143,143,215,191,187,16,8,47,6,199,0
3.191591073807529e-08,14,6.0131977625,103,135,113,128,157,123,148,207,155,194,18,6,39,18,356,0
2.220444128463049e-08,14,6.022354872951,111,133,129,128,152,143,147,199,195,191,18,4,45,2,126,0
2.4750302720710444e-08,14,6.044009067495,107,131,117,126,142,132,135,197,165,189,10,12,43,7,288,0
1.5325211973200286e-08,14,6.13757682234,131,135,135,119,146,146,128,195,195,167,10,10,55,3,348,0
1.1513594280456651e-08,14,6.184131858471,115,155,155,144,173,173,159,239,239,219,16,12,43,1,282,0
2.2315925594220088e-08,14,6.272485002959,96,143,136,142,164,153,163,224,211,223,20,7,35,2,109,0
3.272282664215494e-08,14,6.274716434394,103,129,115,128,149,131,148,195,163,194,16,6,41,14,153,0
