i,theta,n_cand,best_eps,f_levels,wall
0,3.950772119022,370,3.8589373236414715e-05,4,
1,3.451650587259,412,4.4891628680677166e-05,4,
2,2.084500064939,170,2.495627431585437e-05,4,
3,4.056757364656,356,3.670441517143914e-05,4,
4,6.184131858471,394,2.2836229171529487e-05,4,
5,2.575250775177,399,3.784770848101976e-05,4,
6,1.948234702007,439,3.64499164332779e-05,4,
7,4.07446915835,348,2.4375338296217824e-05,4,
8,2.963783024859,532,2.1069488992271118e-05,4,
9,4.612298942034,361,4.5216863386738516e-05,4,
10,0.609097979517,283,4.00682872252721e-05,4,
11,1.888734777299,263,5.600533296773985e-05,4,
12,0.633604317485,425,4.757125398698176e-05,4,
13,6.272485002959,419,2.781351827716283e-05,4,
14,5.257906300814,382,5.043383849878999e-05,4,
15,0.318142757355,352,2.655762499973813e-05,4,
16,1.816252988043,356,2.914076858387005e-05,4,
17,5.301062240499,376,2.834003586890936e-05,4,
18,6.044009067495,435,4.694437441328621e-05,4,
19,1.170544448855,439,2.3309612418508643e-05,4,
20,4.43384730892,306,1.7665253321647802e-05,4,
21,6.0131977625,426,3.7516676259594044e-05,4,
22,1.114602872823,343,3.7552875084399985e-05,4,
23,3.697398467073,323,3.256554598767824e-05,4,
24,5.322445774063,411,2.1408868205967933e-05,4,
25,3.117528137299,370,2.8394900553715878e-05,4,
26,1.323704465465,397,1.0191188872883731e-05,4,
27,0.999134346844,409,4.036928897996737e-05,4,
28,0.192836535323,363,3.048043809986481e-05,4,
29,4.224947236879,376,4.3594956638789346e-05,4,
30,2.682512147404,422,2.1504360328618633e-05,4,
31,4.366735887271,360,2.993260823554631e-05,4,
32,5.958311561747,357,2.0175522202955003e-05,4,
33,1.111473778133,453,4.855334485734629e-05,4,
34,0.400097987008,404,3.8870575294007e-05,4,
35,0.65008772228,377,3.123018188345542e-05,4,
36,0.388181528522,317,3.969529557780925e-05,4,
37,5.876253271939,377,1.9671132585050803e-05,4,
38,3.601431882103,420,3.5402356164970954e-05,4,
39,1.34742282842,405,2.6086997903777204e-05,4,
40,4.400047551875,364,1.3159725554362197e-05,4,
41,0.743454936699,322,4.313838711825901e-05,4,
42,4.765167640188,456,3.9698373653031664e-05,4,
43,4.638065356031,375,3.093405267660538e-05,4,
44,4.440323961729,447,3.465892225929968e-05,4,
45,2.212553872135,402,3.979183464124509e-05,4,
46,5.20203756575,254,3.6181780436145476e-05,4,
47,1.376108225545,547,2.0606307697818826e-05,4,
48,1.403416420997,404,7.505677119899013e-05,4,
49,1.660483906418,295,4.558014661396726e-05,4,
50,4.089989654324,369,2.169706856847546e-05,4,
51,1.238572500089,294,4.128365251007496e-05,4,
52,2.014804701671,339,2.1403513023124364e-05,4,
53,1.755855595326,304,3.541718692458167e-05,4,
54,3.912312711114,292,2.7848143421812226e-05,4,
55,5.624031433867,354,3.771459325512675e-05,4,
56,0.931595039182,448,2.6515278332808918e-05,4,
57,1.975517810978,410,4.661833425077923e-05,4,
58,4.359084529068,312,8.247854336116802e-06,4,
59,1.6696535455,387,4.023434750505402e-05,4,
60,4.880102568024,530,3.417681602552795e-05,4,
61,0.517629588202,369,4.551222951386931e-05,4,
62,0.946066738807,409,3.850478460471937e-05,4,
63,0.054724068582,421,5.5482529958585223e-05,4,
64,4.574441012755,484,3.920575464599546e-05,4,
65,0.055170833979,324,3.631525752977552e-05,4,
66,4.976599909279,385,3.154578972342072e-05,4,
67,3.303101580984,358,4.9333889855041e-05,4,
68,6.022354872951,348,3.219568899625345e-05,4,
69,3.022930664888,323,3.476681577034645e-05,4,
70,1.628261511066,419,2.9626667049750746e-05,4,
71,3.502129041894,350,2.680439084824272e-05,4,
72,0.127457194371,431,5.099163711513275e-05,4,
73,1.476853246354,276,2.5305062756520875e-05,4,
74,4.050535851398,307,4.028587239657031e-05,4,
75,0.404562523382,389,3.331950726238016e-05,4,
76,3.96397233393,261,6.208170091990543e-05,4,
77,4.079899703345,409,4.335184426761131e-05,4,
78,0.367016113942,354,3.912964009251284e-05,4,
79,4.388925552714,306,3.946706938683621e-05,4,
80,0.790581755182,422,2.7923968407728113e-05,4,
81,4.934161569134,288,3.853089778316614e-05,4,
82,0.447977087079,276,4.357574592454128e-05,4,
83,6.274716434394,134,3.9292020292148925e-05,4,
84,5.199124182768,358,2.8683495953280275e-05,4,
85,4.051155783299,322,3.944451846692475e-05,4,
86,3.164127976377,318,4.734554053857755e-05,4,
87,1.359711140108,367,1.807038030118832e-05,4,
88,5.857916362433,425,3.8667556409480604e-05,4,
89,3.865832950012,506,3.28113530477395e-05,4,
90,6.13757682234,394,4.3839887470628485e-05,4,
91,2.919898009912,418,1.729025010689177e-05,4,
92,4.124718537997,312,1.622692090458476e-05,4,
93,4.913384167937,368,3.917926193041926e-05,4,
94,4.946011327199,377,4.129831050876769e-05,4,
95,2.135554166593,314,3.553349792121594e-05,4,
96,4.068351229122,472,2.5881587363792706e-05,4,
97,3.92559216931,322,2.6827050537617445e-05,4,
98,0.996442701614,361,5.0691093066728775e-05,4,
99,1.170850641014,344,2.2571531201020357e-05,4,
100,1.65518492609,457,3.9739570639045714e-05,4,
101,5.852512796424,360,2.3545712127780087e-05,4,
102,0.302238125799,329,3.980597987020619e-05,4,
103,0.222458057315,384,4.87931168041229e-05,4,
104,3.848910267092,339,3.083411127995189e-05,4,
105,5.274453778949,373,2.847228427511601e-05,4,
106,3.018128400235,327,5.545372001269695e-05,4,
107,0.110964867392,373,1.9596983274763992e-05,4,
108,3.161863721624,315,2.3949106285867352e-05,4,
109,3.12577004281,373,2.1793343273530352e-05,4,
110,0.540983148788,409,4.042062924496155e-05,4,
111,2.736456002228,302,3.363328205498105e-05,4,
112,1.818915358797,312,2.9629814659255484e-05,4,
113,6.243728098691,521,2.4902947957034575e-05,4,
114,4.147978143704,280,3.4548554743011586e-05,4,
115,0.408377349268,321,3.7116414048970316e-05,4,
116,5.886047932727,453,3.51498663586258e-05,4,
117,2.952979662723,379,2.2167749648453813e-05,4,
118,5.472162683733,381,5.509363733475482e-05,4,
119,1.191381097164,346,2.1245175929878898e-05,4,
120,3.857176294404,338,5.099984915527712e-05,4,
121,1.231803705299,459,3.6890518205273594e-05,4,
122,1.710002490183,280,3.1866832665149826e-05,4,
123,0.64365669057,265,2.682465690199516e-05,4,
124,1.127734088501,305,1.7088622099416804e-05,4,
125,4.233923465971,395,2.508401511103908e-05,4,
126,4.067538172706,366,3.590798531920068e-05,4,
127,5.779699962008,372,3.1394599491582215e-05,4,
128,6.133866185853,322,4.638709452438327e-05,4,
129,4.554412115337,409,2.4383530072380158e-05,4,
130,1.510711829446,361,2.5575732626170506e-05,4,
131,1.405282399492,376,4.15258810524273e-05,4,
132,4.353281478718,469,5.264836714432793e-05,4,
133,3.99872945972,361,3.607832833756876e-05,4,
134,2.193627284332,365,4.9321525369703786e-05,4,
135,0.118550584486,464,2.3239276387624127e-05,4,
136,0.044792190426,433,2.21813957616303e-05,4,
137,0.741916121573,354,2.877526889708206e-05,4,
138,0.888889171758,258,4.6684817789027864e-05,4,
139,5.199328596835,471,1.909829099190059e-05,4,
140,0.775922348673,375,4.076192168067696e-05,4,
141,3.523344107183,483,3.3231844901110386e-05,4,
142,1.479103947624,346,3.082139217076108e-05,4,
143,3.708885762524,368,3.817230492201087e-05,4,
144,3.30916638887,504,3.0231771310361408e-05,4,
145,5.747780767287,443,2.0570378324623624e-05,4,
146,4.771612884405,363,5.130307623041175e-05,4,
147,6.085374087022,394,4.142368196248291e-05,4,
148,2.80358466374,390,3.751254402417951e-05,4,
149,3.354695759407,366,2.8090764666476894e-05,4,
150,3.279270071508,422,5.147805054601714e-05,4,
151,3.615922298505,325,5.327230088873933e-05,4,
152,4.317857842555,384,2.4869090939725895e-05,4,
153,2.404837524058,326,1.0686311026641636e-05,4,
154,0.017816771375,413,4.741640122434773e-05,4,
155,0.682300933206,366,4.7751801389906906e-05,4,
156,4.409948060771,467,2.286026978816172e-05,4,
157,1.270105664031,348,4.031840273802567e-05,4,
158,2.945283239135,463,3.699845441106308e-05,4,
159,5.434520519995,384,4.005637525928976e-05,4,
160,4.358059186057,410,2.1224788607226767e-05,4,
161,1.91296923285,302,2.6264112807817406e-05,4,
162,4.055772490686,381,2.6706541819078435e-05,4,
163,4.021383187687,380,4.2770871905282456e-05,4,
164,2.378343520667,344,2.7903132982326198e-05,4,
165,5.09651144205,358,4.649179148221574e-05,4,
166,4.452886008557,351,3.161890247639539e-05,4,
167,1.981595497252,441,3.412383649765211e-05,4,
168,5.414488978505,312,4.0350045743325494e-05,4,
169,2.372510095667,325,2.3772485583335293e-05,4,
170,2.564652777258,385,3.2773706860301905e-05,4,
171,5.367134881101,419,1.2331434058136101e-05,4,
172,4.869469465474,518,2.7682719041789835e-05,4,
173,4.036694350401,354,1.9536298514757744e-05,4,
174,5.027976193957,429,3.319718610445918e-05,4,
175,1.867478951002,382,3.798637925161574e-05,4,
176,1.226006431163,318,2.4730050086636707e-05,4,
177,4.018388475414,340,5.426085221009044e-05,4,
178,5.39219361385,375,2.5653741595081564e-05,4,
179,6.061430410984,358,3.4811386015446905e-05,4,
180,4.554358356237,449,4.6049011758919914e-05,4,
181,3.901470726894,320,3.964406834314327e-05,4,
182,1.372332661892,419,2.6305144248489607e-05,4,
183,5.830944694968,379,4.8459340891379616e-05,4,
184,1.477588517013,440,4.17514002666862e-05,4,
185,1.970994245427,257,4.467313567233649e-05,4,
186,1.027255779632,349,3.8834942359343826e-05,4,
187,0.404440299821,359,3.4569133532267384e-05,4,
188,1.417790385319,409,3.884853181185139e-05,4,
189,4.200092651522,646,2.6222084783159128e-05,4,
190,6.137764338109,381,2.256632544447287e-05,4,
191,2.132811120025,362,3.835619251645582e-05,4,
192,0.811339708813,335,3.724683230282795e-05,4,
193,2.165907358639,328,2.698926768034674e-05,4,
194,1.153665317967,347,2.4290114369806587e-05,4,
195,1.086684320489,415,3.0405557681022968e-05,4,
196,2.814329462839,356,1.5617787489891953e-05,4,
197,6.194822093171,339,3.8330541128936765e-05,4,
198,1.925212897969,394,2.0148064152403297e-05,4,
199,2.436960001442,406,2.363463576619633e-05,4,
200,0.140401364428,356,2.562061021080243e-05,4,
201,1.075784076379,410,3.302582147973749e-05,4,
202,5.965208493913,333,4.2703106920905094e-05,4,
203,5.423707164256,346,3.338061249111919e-05,4,
204,2.08112860099,438,4.93194395251302e-05,4,
205,0.48510580154,350,2.0428647142942297e-05,4,
206,1.192996486903,428,2.9578643758101985e-05,4,
207,1.518366400556,385,1.6634625384544142e-05,4,
208,5.533279001873,372,4.721249342549284e-05,4,
209,1.135394910393,353,4.985397093855102e-05,4,
210,4.798349151932,363,2.7547191386207865e-05,4,
211,5.02644124535,264,3.835106637001901e-05,4,
212,3.673336818534,465,2.80955886168045e-05,4,
213,3.515963258458,445,3.215307345323154e-05,4,
214,3.193384145481,370,3.2122878276960174e-05,4,
215,0.461466011402,381,4.474146797400859e-05,4,
216,4.803387522127,315,5.102003477813501e-05,4,
217,1.00454882774,287,3.6550202880473354e-05,4,
218,5.226767360987,362,2.6693794003565625e-05,4,
219,5.429978323408,417,5.159883768322448e-05,4,
220,2.018354634497,366,4.086672750320332e-05,4,
221,4.001942584866,363,3.4576957274078144e-05,4,
222,0.792006508547,480,4.83483020335051e-05,4,
223,3.456637277151,330,4.2194825327232714e-05,4,
224,1.297797437593,432,4.158559025584482e-05,4,
225,2.60302017958,188,7.477477302471317e-05,4,
226,1.490150247386,474,4.3123177514399136e-05,4,
227,4.012906396222,252,3.450193890068988e-05,4,
228,2.325452534578,404,6.014465090666558e-05,4,
229,0.915562148886,422,5.07965546303056e-05,4,
230,0.6791564457,282,2.6311372988521358e-05,4,
231,0.244139631965,294,2.6573417050672488e-05,4,
232,3.688714608452,428,2.9383161534214214e-05,4,
233,3.915688795779,385,2.323067081212265e-05,4,
234,5.07652535246,347,3.895762162433723e-05,4,
235,2.912354384769,318,3.030045800110782e-05,4,
236,5.64559943993,328,3.3270545117783315e-05,4,
237,2.789382353554,674,6.112824431453536e-05,4,
238,6.069794899707,315,3.152434872360193e-05,4,
239,2.141874401282,305,3.136796654090313e-05,4,
240,5.358166517195,331,2.7425188391908115e-05,4,
241,3.972908343119,452,2.5850903570987507e-05,4,
242,0.884892604952,398,2.8907551295503727e-05,4,
243,3.319181253539,463,1.782748428870089e-05,4,
244,4.366842500383,387,2.182017418537962e-05,4,
245,1.061243770646,439,1.9177918696237543e-05,4,
246,3.843282654725,367,4.137834649356269e-05,4,
247,1.487679231722,393,4.3863513511548255e-05,4,
248,2.419196602328,408,3.873443981204284e-05,4,
249,4.758771435933,308,1.1980225619166445e-05,4,
250,3.865286806219,358,4.363328127649354e-05,4,
251,1.349708216221,424,3.3177130208215606e-05,4,
252,3.742867299526,377,4.3373707958717094e-05,4,
253,3.907842626858,500,1.6609297420606094e-05,4,
254,0.976198526115,302,2.211408074844901e-05,4,
255,5.247757471971,302,5.71908716169426e-05,4,
256,3.449187988955,406,3.184355065394167e-05,4,
257,5.04784205852,306,2.0423265416319986e-05,4,
258,0.883137013388,368,5.016310970599972e-05,4,
259,0.599829896144,415,3.0297401826191944e-05,4,
260,6.032477927231,454,3.237087816391276e-05,4,
261,5.652913155586,309,5.192705674513263e-06,4,
262,4.601339494948,352,3.221529801177564e-05,4,
263,1.584224600918,433,8.611006502814606e-06,4,
264,3.682458132627,375,3.590448456588393e-05,4,
265,3.381368301136,389,3.337428569258177e-05,4,
266,0.475891188775,348,4.0635429222280995e-05,4,
267,3.331379894197,400,3.8847826563657027e-05,4,
268,2.410249598395,279,4.504046110482737e-05,4,
269,3.9232513665,365,2.2772497864900007e-05,4,
270,1.689512532606,449,3.402175254882316e-05,4,
271,0.712826035496,373,3.4789670016308747e-05,4,
272,0.680882066903,593,4.0231217604369414e-05,4,
273,0.140624076848,411,3.392736106149867e-05,4,
274,1.553240328596,420,2.739504149133798e-05,4,
275,0.338780382668,412,1.8301804968956885e-05,4,
276,6.023765676901,438,4.072089338865227e-05,4,
277,4.074586300784,321,3.648925928191802e-05,4,
278,2.683071384209,344,4.244234615376381e-05,4,
279,2.481504221721,374,2.5473219791264444e-05,4,
280,4.826869955844,349,4.628995542519695e-05,4,
281,4.601178125856,294,8.92988234597158e-06,4,
282,0.31779333493,346,2.661681966088813e-05,4,
283,2.609371494874,312,2.872551470051838e-05,4,
284,1.446815017696,438,2.318953437650845e-05,4,
285,2.286015297282,451,2.9048905004149143e-05,4,
286,4.125240565021,335,3.408468833617548e-05,4,
287,0.390203738795,305,5.42898199233194e-05,4,
288,3.509432557507,408,1.902840066224591e-05,4,
289,4.123154700883,274,3.321927980269463e-05,4,
290,2.573256957241,359,4.4822956574751964e-05,4,
291,3.550365876575,311,4.072399055083775e-05,4,
292,5.152919223608,388,3.420955003128774e-05,4,
293,3.226589133394,347,3.0785913768391354e-05,4,
294,1.311122477826,369,2.2516921001868404e-05,4,
295,1.691574757672,384,4.457508642152752e-05,4,
296,5.76926479804,311,5.8897175106336266e-05,4,
297,5.696326351658,400,5.382634696176555e-05,4,
298,0.457755597662,375,4.373189064613088e-05,4,
299,2.889355712002,449,3.889200813470751e-05,4,
300,3.141766751406,395,1.3409702159711137e-05,4,
301,4.383743792319,365,1.5254834016661036e-05,4,
302,5.081970323775,315,2.8936457433401682e-05,4,
303,3.08282918877,415,4.398484009992098e-05,4,
304,4.911158098509,361,3.429279026302331e-05,4,
305,0.232155509907,429,3.979601840134718e-05,4,
306,3.221953027777,435,3.1793869991517675e-05,4,
307,1.761443093496,340,6.440504292086625e-05,4,
308,2.375792874953,439,3.432029575217247e-05,4,
309,2.727534499558,430,4.8764731711065906e-05,4,
310,1.896548466833,448,2.5177894625297403e-05,4,
311,1.168153758809,394,3.306978966428109e-05,4,
312,5.779251871656,283,3.109518676071978e-05,4,
313,2.879455197144,416,3.0951463445354456e-05,4,
314,6.083227815485,173,2.557325180097654e-05,4,
315,5.955152522011,386,5.0554999787869726e-05,4,
316,3.730470331548,428,2.342254443082154e-05,4,
317,1.211119096431,315,3.373485556036137e-05,4,
318,5.407682214555,488,3.131491869911987e-05,4,
319,5.639633943772,341,3.327138376735831e-05,4,
320,5.76844734167,439,1.879593826243229e-05,4,
321,0.748894209963,383,3.950292680038468e-05,4,
322,1.74604785463,441,3.6301810245523375e-05,4,
323,5.190511660685,335,3.350971538363715e-05,4,
324,0.881779045756,435,2.958402062436294e-05,4,
325,4.16256830599,306,3.764905173696792e-05,4,
326,1.023152390832,450,2.5855224967849355e-05,4,
327,5.201881361815,297,4.097039749920314e-05,4,
328,1.131562333336,354,1.0795237752184508e-05,4,
329,6.237328347823,452,5.158439634014134e-05,4,
330,5.304438273226,384,3.001944521210011e-05,4,
331,0.599028498758,382,1.3352580172171837e-05,4,
332,4.450236302856,319,3.113241722036585e-05,4,
333,0.877433467129,466,4.239970622925411e-05,4,
334,2.05284681126,442,2.4415333649836447e-05,4,
335,5.059207820281,481,3.510379977799965e-05,4,
336,1.165417846346,515,3.257952191884636e-05,4,
337,4.362870430289,408,3.710116406062169e-05,4,
338,5.045581834219,412,3.3317510415559664e-05,4,
339,5.834851578559,334,3.259222221675901e-05,4,
340,4.100443748645,409,3.4331416594582494e-05,4,
341,2.723936699682,403,3.19067156500815e-05,4,
342,0.339498205984,333,1.1121106067772493e-05,4,
343,0.314715698738,434,2.6626170872961002e-05,4,
344,3.051702159459,345,2.5500229491533886e-05,4,
345,4.518499139988,491,3.292920057901494e-05,4,
346,2.422019603147,377,3.94769123457137e-05,4,
347,5.063045604916,370,3.6067779801771704e-05,4,
348,2.678101150082,361,3.218678841886528e-05,4,
349,4.452507271189,363,3.682681665565869e-05,4,
350,5.340302831567,361,4.0000852030631544e-05,4,
351,1.742768207258,415,2.8205927053885272e-05,4,
352,0.076260072421,306,4.318698956064847e-05,4,
353,1.684103563918,405,4.617130266774044e-05,4,
354,5.202483724319,368,2.7179773845954325e-05,4,
355,4.559907760028,380,2.6021562506705573e-05,4,
356,1.01978222206,342,4.251502713925988e-05,4,
357,2.561339040059,344,6.372539049950425e-05,4,
358,5.016314731459,377,1.611160132372644e-05,4,
359,0.237926283798,388,3.474936456878588e-05,4,
360,1.073602874378,302,3.401305607240195e-05,4,
361,3.734281506324,386,3.2824235430297195e-05,4,
362,0.637975491449,305,2.8597043411886964e-05,4,
363,5.314612190235,300,3.2690201090152465e-05,4,
364,1.182260532728,382,2.362243628074044e-05,4,
365,2.442719188718,408,4.2144564355445536e-05,4,
366,5.614791517443,256,3.7052406306335646e-05,4,
367,3.104091186577,456,4.878772124655005e-05,4,
368,6.162769367762,520,4.6234032709062474e-05,4,
369,0.631312355004,271,3.2767435380455544e-05,4,
370,2.877031671131,402,2.0997801619894205e-05,4,
371,1.769884345942,329,3.838177986540148e-05,4,
372,2.350944374877,377,3.641633629383164e-05,4,
373,1.87289914667,427,2.7739154643185552e-05,4,
374,2.289649085955,350,5.766986157316405e-05,4,
375,4.591015129008,314,2.9121489262160535e-05,4,
376,0.996905118716,330,4.136594073074307e-05,4,
377,1.500900573859,394,3.415640031717743e-05,4,
378,3.330133015521,368,5.121819018809644e-05,4,
379,1.366269045144,378,1.9983268046029188e-05,4,
380,0.47546845247,393,3.969000039397232e-05,4,
381,3.130101075413,320,2.4952372477977553e-05,4,
382,1.076325588937,328,4.166730325396297e-05,4,
383,2.454441673543,432,2.0083321877630703e-05,4,
384,1.614119009946,380,2.9028715567260536e-05,4,
385,2.614679497128,331,2.9729537533063053e-05,4,
386,2.831884067819,471,2.242358959560441e-05,4,
387,2.267410128736,356,4.763299351721574e-05,4,
388,5.829944730875,313,2.4722085169949233e-05,4,
389,0.940302926907,277,2.2727792278262816e-05,4,
390,1.35533014171,339,2.3435290756855684e-05,4,
391,0.199339772217,384,4.4930397715219975e-05,4,
392,2.116794991152,458,1.322663712099532e-05,4,
393,2.571328269538,438,1.5662645614354533e-05,4,
394,4.47445726003,337,3.026078024362171e-05,4,
395,2.40233039558,297,5.4233787425262466e-05,4,
396,2.633762323464,388,4.022115594411827e-05,4,
397,3.067698903421,267,2.8757783646577106e-05,4,
398,2.866173284834,371,3.0741878064114103e-05,4,
399,5.194403236077,387,1.4482672482820733e-05,4,
400,0.153375180496,346,3.2179313483817204e-05,4,
401,5.344427766049,353,2.012028690830153e-05,4,
402,0.773993644035,350,3.78058429230834e-05,4,
403,1.988913642013,455,2.0100964650742533e-05,4,
404,2.110529935071,227,2.5191890990270306e-05,4,
405,1.117009488729,252,2.5254101584396588e-05,4,
406,5.210730323071,358,2.8744067301169813e-05,4,
407,2.899247981184,246,4.0162543133790024e-05,4,
408,0.598432224516,347,2.6081766040343287e-05,4,
409,4.590191845809,429,5.314361963832507e-05,4,
410,1.652164502838,464,2.4548391448473465e-05,4,
411,5.887172881002,260,5.084064151672577e-05,4,
412,5.071361729402,343,4.1673789386204825e-05,4,
413,0.589052240199,403,3.329772606348979e-05,4,
414,4.165528531668,301,3.669690864892491e-05,4,
415,2.144101804829,429,1.8975470570350315e-05,4,
416,0.280557715258,408,2.1449474179137305e-05,4,
417,1.042331016992,429,3.670907867150467e-05,4,
418,2.538770875952,320,4.1141716789988067e-05,4,
419,0.60111024125,309,4.03807001011425e-05,4,
420,2.38979108567,385,2.8524339501763626e-05,4,
421,0.540675539417,383,3.706520767167195e-05,4,
422,3.530445276097,354,4.5064155652126144e-05,4,
423,4.484320483705,369,4.220686692428086e-05,4,
424,1.188494355301,390,2.518579780926767e-05,4,
425,4.736805681245,371,4.0401009704492006e-05,4,
426,0.82388112301,460,1.0100366817834886e-05,4,
427,0.635282779497,364,2.306277629827694e-05,4,
428,4.201421791235,279,1.956901558703579e-05,4,
429,2.959498618688,414,9.346657329759204e-06,4,
430,2.982490552841,340,2.6245250649697128e-05,4,
431,5.508980940139,370,3.05902155033827e-05,4,
432,0.065061834946,342,2.655080563226069e-05,4,
433,4.263593997479,371,5.686473103562386e-06,4,
434,2.174032277303,371,2.3060917342406677e-05,4,
435,2.030475068041,419,4.193950666344732e-05,4,
436,1.58968716355,430,9.747706487442409e-06,4,
437,5.852569953316,362,4.9081255062386515e-05,4,
438,1.150074336163,372,3.6066712904298e-05,4,
439,3.098040987292,514,3.416128258900019e-05,4,
440,6.122203562572,350,4.529783190525658e-05,4,
441,3.810002807705,365,3.876501959315693e-05,4,
442,0.580295395447,349,1.3444521818126298e-05,4,
443,1.634532445862,364,3.766760852646569e-05,4,
444,0.134666795169,441,3.996253212210424e-05,4,
445,5.753357289903,647,2.693361616540652e-05,4,
446,5.161634963195,320,3.5759138569207874e-05,4,
447,1.743896238639,323,4.249534231277281e-05,4,
448,0.625401921334,341,1.9871644334291234e-05,4,
449,0.622592525482,401,2.977677730565947e-05,4,
450,1.103500651165,319,5.3323904511942e-05,4,
451,4.024171203189,404,3.4560460089883104e-05,4,
452,1.993862531039,387,2.169450382558003e-05,4,
453,2.178752810227,353,2.9742896633288244e-05,4,
454,4.458752019943,408,3.679493273353961e-05,4,
455,4.492203191192,365,3.343379241765339e-05,4,
456,3.051145632825,394,3.708082927106099e-05,4,
457,0.64569989306,404,3.515898140652321e-05,4,
458,5.956318803305,253,2.749474299570517e-05,4,
459,1.153650205792,327,2.5210882609251246e-05,4,
460,4.158590753181,383,4.709110486710688e-05,4,
461,2.692558321157,416,2.795070571193705e-05,4,
462,0.68629347691,465,4.080763308008577e-05,4,
463,1.738663553754,427,4.8563440308644555e-05,4,
464,1.291716329937,380,3.319944725969866e-05,4,
465,2.59688330769,360,4.0117023676222626e-05,4,
466,0.212894329324,406,4.990991681654593e-05,4,
467,4.214457312457,211,2.899150982353379e-05,4,
468,0.976136776196,332,5.258830211213321e-05,4,
469,0.181631942793,368,4.873343168292963e-05,4,
470,2.344829600072,388,3.627945032329249e-05,4,
471,1.037075138274,381,2.029378534236708e-05,4,
472,3.393993404726,302,4.827066452445105e-05,4,
473,2.522327804281,410,3.074499984039438e-05,4,
474,4.598873769528,361,4.393708678336851e-05,4,
475,1.821756242017,369,5.9865542801098445e-05,4,
476,1.204489505963,421,1.2300676089631383e-05,4,
477,6.04360554925,380,4.787308033953847e-05,4,
478,5.648400299965,451,2.8712127820170622e-05,4,
479,4.072732218891,358,3.462382186951426e-05,4,
480,0.807176374941,421,3.370371649102329e-05,4,
481,5.08235539907,340,4.175535233720343e-05,4,
482,5.097813580102,433,1.4696220019676304e-05,4,
483,0.051744366959,435,4.946976704877677e-05,4,
484,2.22174137059,448,4.92460014728715e-06,4,
485,5.621591971415,332,1.9737360467206954e-05,4,
486,4.21223656154,352,3.649900136078013e-05,4,
487,4.989882583208,362,2.4517288333464207e-05,4,
488,3.481319717971,329,4.670356940505598e-05,4,
489,5.765729142751,394,4.6657298863825395e-05,4,
490,1.230885723637,358,2.759413668304798e-05,4,
491,0.334119306113,405,3.807798273101652e-05,4,
492,2.409379466827,289,3.469259260857029e-05,4,
493,1.090372356866,226,5.451730971227826e-05,4,
494,1.556881700587,373,2.699436643887814e-05,4,
495,3.216507483457,327,2.1973546736114743e-05,4,
496,6.230610786258,426,1.3268812211535415e-05,4,
497,5.819149547321,350,1.6187939678802007e-05,4,
498,0.313892083887,294,5.168802310492933e-05,4,
499,2.937441211905,360,4.505736801810571e-05,4,
